metric,n,mean_diff,sd_diff,t_stat,t_p_raw,t_p_adj,w_stat,w_p_raw,w_p_adj,cohens_d,hedges_g,ci_low,ci_high,success_flag
peak_mag,50,-1.7920204615366406,10.732937901263172,-1.180617862541134,0.24345391553715737,0.4263692853709414,523.0,0.27372721377670217,0.5474544275534043,-0.16696457931856062,-0.16444752535898435,-0.4671768934228624,0.11112308362876343,False
snr,50,1.532230131086615,10.779312853186427,1.0051200209013547,0.31977696402820605,0.4263692853709414,552.0,0.4151920088524754,0.5535893451366339,0.14214543653714243,0.1400025405089443,-0.12690489816356568,0.4552384568845323,False
phase_coherence,50,-0.0029295446951267,0.18038737946878894,-0.11483624440985811,0.9090442108158461,0.9090442108158461,594.0,0.6806447467771797,0.6806447467771797,-0.016240297429641285,-0.01599546882517433,-0.2524349765560644,0.32504664498046076,False
band_energy,50,57460.104313955475,241727.7128749346,1.6808345607069777,0.09915971866379829,0.39663887465519315,520.0,0.26120880915335754,0.5474544275534043,0.2377059031857231,0.23412239710754637,-0.030292217359530253,0.5049617475710281,False
